"1623988693655511040 2023-02-10 10:14:11 +0000 <Ishantmehta8929> SpaceX fires 33 engines on its behemoth Starship rocket |¬†Watch  https://t.co/sWjeMcLyMS
"
"1623278272011202563 2023-02-08 11:11:13 +0000 <Garin> Using drones to take out trees and render roads undrivable can prevent Russian tanks and artillery from invading Ukraine...  #RussiaIsLosing the Engineering war.  America and Ukraine are winning thanks to @SpaceX and Starlink.  29/69
"
"1622912173453221888 2023-02-07 10:56:29 +0000 <kayla_sammy> Only 1 problem we never went to space nor mars. All those rockets he fires off are for one goal only. To break the firmament of God and he never will. His SpaceX is in Disney's backyard. NASA is in Disney's backyard. When are you people gonna wake TF up ?
"
"1622899297577537536 2023-02-07 10:05:19 +0000 <BenFo70919199> @Commercial_Crew @NASA_Johnson @SpaceX @Space_Station ‚ù£Ô∏è‚ù£Ô∏è‚ù£Ô∏è‚ù£Ô∏è‚ù£Ô∏è
"
"1623636130724818949 2023-02-09 10:53:13 +0000 <shahzadusmani91> SpaceX accuses Ukraine of ‚Äòweaponising‚Äô Elon Musk‚Äôs Starlink¬†satellites  https://t.co/ygeax7pYxv
"
"1623673460789583874 2023-02-09 13:21:34 +0000 <Kevin277924522> @alex_avoigt I like most of your tweets for European market. Thank you for that. But, since you quit Elon‚Äôs SpaceX, why don‚Äôt you also quit Tesla since Elon built it? By the way, how many people were killed in Iraq after false US WMD claim? Should you never buy US products? It make no sense.
"
"1623667387320115200 2023-02-09 12:57:26 +0000 <dinosavur> @marsmallowshiro mending dia urus tesla sm spacex
"
"1623708388839374849 2023-02-09 15:40:21 +0000 <marcbatez> Fury in Ukraine as Elon Musk‚Äôs SpaceX limits Starlink use for drones  https://t.co/VTmlVJl7Zj
"
"1623382175415500802 2023-02-08 18:04:06 +0000 <sethrovizionz> @Bl3D_Eccentric @sethrollingston @elonmusk @SpaceX #LeBronJames
"
"1623711290983321602 2023-02-09 15:51:53 +0000 <StansfieldTrish> #Ukraine #SpaceX #Starlink #Elon
"
"1623690140727095299 2023-02-09 14:27:50 +0000 <iamajodbaba> What exactly was the advice given to @SpaceX?
"
"1624013687555072001 2023-02-10 11:53:30 +0000 <AngelaW70903357> Fury in Ukraine as Elon Musk‚Äôs SpaceX limits Starlink use for drones  https://t.co/VX7Afx1Rme
"
"1623662001531785216 2023-02-09 12:36:02 +0000 <Danang158702810> @HalfShibaInu My entry sir  @HalfShibaInu  @SpaceX @elonmusk #HALFSHIB  https://t.co/1HJrQ8D2ls
"
"1623634802820653058 2023-02-09 10:47:57 +0000 <DailyReformerUS> Elon Musk‚Äôs SpaceX restricts Ukraine‚Äôs use of its satellite internet for¬†drones  https://t.co/lvk3GtXc9o
"
"1623701188804808704 2023-02-09 15:11:44 +0000 <SchlousKlob6499> SpaceX curbed Ukraine's use of Starlink internet for drones -company president | Reuters  https://t.co/Ph9MUMDso5
"
"1622960286201434112 2023-02-07 14:07:40 +0000 <FLUIDOcoins> this little baby is getting huge... i'm thrilled when @tesla @SpaceXStarlink and @spacex decide to accept as a payment method üòåüåÑ
"
"1623986210740883456 2023-02-10 10:04:19 +0000 <rainrunner666> @cendre_falke @BlakesWort @elonmusk @CatherinScience Also completely leaving out the fact that private space companies is a relatively new thing. Again in the 20 years SpaceX has existed it's already made more progress than NASA does in 40 years. I remember NASA saying landing rockets wasn't viable lol here we are.
"
"1623672664282877953 2023-02-09 13:18:24 +0000 <kodiak149> Ukraine war: Elon Musk's SpaceX firm bars Kyiv from using Starlink tech for drone control - BBC News .‚Å¶@elonmusk‚Å©  Such a POS  https://t.co/KRRFlXKO3v
"
"1623994506562478084 2023-02-10 10:37:17 +0000 <nasser_mo3gza> SpaceX fires up giant Starship rocket engines in key test - Al Jazeera English  https://t.co/1zOrjVcotY
"
"1623709967487504384 2023-02-09 15:46:37 +0000 <Crof> Fury in Ukraine as Elon Musk‚Äôs SpaceX limits Starlink use for drones  https://t.co/eGdjcrwGv2
"
"1622956740080967680 2023-02-07 13:53:34 +0000 <SkippyReg24> @elonmusk @considercosmos @SpaceX You sure we‚Äôre humans at this point?
"
"1623716119860084736 2023-02-09 16:11:04 +0000 <BL22446688> @TXMarine0311 @SpaceX You just publicly said you're an idiot...
"
"1624005688320983042 2023-02-10 11:21:43 +0000 <Cuccarese3> Will Geometric Energy Corporation and SpaceX Use Artificial Intelligence in the Doge-1 Mission to the Moon?ü™ôüöÄ  ‚ñ∂Ô∏è  https://t.co/eEqClPcTDQ   #dogecoin #doge #doge1
"
"1623669432433213441 2023-02-09 13:05:33 +0000 <McmackinRoisin> @KatyaYushchenko @SpaceX The writing was on the wall yesterday- Elon put normal accounts on MUTE and accelerated Edward Snowden led Sputnik lies, I knew he was up to something last night....Elon can't fool everyone.....with his algorithm, lies.
"
"1623421198750126085 2023-02-08 20:39:10 +0000 <IamLori87> @Aenjuur @99luftspyballon @ADorkableDiabla @iam_pann @SpaceX @Missus_Massacre @venjuur @MyWhiteNinja_ @coldKYrain1977 @ltsKatysWorld She's such a SNAKE üêçüêçüêçüêç
"
"1623421516040880129 2023-02-08 20:40:25 +0000 <uzunvadeyat> @jahreindota @MrBeast @hasanthehun @xQc @ishowspeedsui @Microsoft @PlayStation @intel @AMD @IKEA @MediaSaturn @BillGates @elonmusk @Tesla @SpaceX @NASA @Apple @Google @Meta @telegram @MTV @Sony @Samsung @adidas @Nike @Reebok @Siemens @BMW @Opel @Audi @RollsRoyce @onecomputer @amazon @eBay @Pinterest @bookingcom @CocaCola
"
"1623369399292858370 2023-02-08 17:13:20 +0000 <DailyReformerUS> SpaceX put Elon Musk‚Äôs Tesla into space five years ago. Where is it¬†now?  https://t.co/QiMiNWLYn3
"
"1623352769250721794 2023-02-08 16:07:15 +0000 <eyupexe> @SpaceX @Hispasat turke There is an earthquake in Turkey and political leaders have restricted access, we can't hear anything please help @elonmusk
"
"1623651904248053760 2023-02-09 11:55:54 +0000 <NICK12__12> @olivia87ei @HalfShibaInu @SpaceX @elonmusk  https://t.co/i2hJUsH8Gw
"
"1623314431869321219 2023-02-08 13:34:54 +0000 <sedat38181211> @SpaceX @elonmusk twitter is blocked now in turkey, please help.  Relatives of the survivors communicate from here
"
"1623691615842844675 2023-02-09 14:33:42 +0000 <Mark35903600> SpaceX 33-Engine Static Fire of Booster 7  https://t.co/gwxJP8PPCY via @YouTube
"
"1623301681042673664 2023-02-08 12:44:14 +0000 <Misterio808080> @considercosmos @SpaceX Wow
"
"1623699625621291008 2023-02-09 15:05:32 +0000 <SharonEnoch3> SpaceX curbed Ukraine's use of Starlink internet for drones -company president  https://t.co/Euqoo0Mhmj
"
"1623331420411158528 2023-02-08 14:42:25 +0000 <joelkalsi> @elonmusk @considercosmos @SpaceX I don‚Äôt think we are ready for this. Looking at how most people ‚Äùthink‚Äù, I think we should go back to 1500s, or maybe earlier. We need a more darwinian approach to favouring genetics for a long time before growing even to a global scale society.
"
"1623455312274661376 2023-02-08 22:54:43 +0000 <bolocan_daniel> Do you need a new studio? üöÄüêÄ @elonmusk @SpaceX @NASA  https://t.co/34cxxsSIIU
"
"1623701369122177024 2023-02-09 15:12:27 +0000 <Extratension> SpaceX 33-Engine Static Fire of Booster 7  https://t.co/1AfIJoegm0 via @YouTube #DogelonMars
"
"1623986364957052932 2023-02-10 10:04:56 +0000 <Mykola65109280> @lebon80 @modus88308454 @SpaceX Any action on Ukrainian land is defensive by the defenition. Moreover, most of starlinks were bough and regularly paid by private persons - volunteers. They should be able to use internet without any restrictions
"
"1623641594774671361 2023-02-09 11:14:56 +0000 <the_very_noob> Thinking about how Elon could have stayed nothing but ""the owner of SpaceX and Tesla"", enjoy his image of genius billionaire and live an easy peaceful life, but then actively worked at being hated by everyone on the internet
"
"1622984633058041858 2023-02-07 15:44:24 +0000 <bs_tolerance_0> @SpaceX @Hispasat They really messed up the color order in these.  https://t.co/02MsYo9xxs
"
"1623640317709676554 2023-02-09 11:09:52 +0000 <NewsDeutsch_Off> Ukrainekrieg: SpaceX will Starlink-Dienst f√ºr ukrainisches Milit√§r einschr√§nken #123INFO  https://t.co/AkNYsL1aI4
"
"1623651978902401026 2023-02-09 11:56:12 +0000 <NICK12__12> @olivia87ei @HalfShibaInu @SpaceX @elonmusk  https://t.co/AgdPKhO7UQ
"
"1623702264463384577 2023-02-09 15:16:01 +0000 <Melraith333> Fury in Ukraine as Elon Musk‚Äôs SpaceX limits Starlink use for drones  https://t.co/yoK2tCUtSJ
"
"1624006490565509122 2023-02-10 11:24:54 +0000 <thejohnfleming> Fury in Ukraine as Elon Musk‚Äôs SpaceX limits Starlink use for drones  https://t.co/IziDsdePRv
"
"1623712243186642944 2023-02-09 15:55:40 +0000 <M01242606> @AdamKinzinger More like the govt is a SpaceX contractor. For the US To jeopardize that relationship would be foolish
"
"1622972440644321281 2023-02-07 14:55:57 +0000 <JennyJe0> @elonmusk @considercosmos @SpaceX I really admire you and your team. Leading the way for the planet
"
"1624013588846284801 2023-02-10 11:53:06 +0000 <please_guest> @bfmbusiness @SpaceX @FredericBianchi du coup, on accuse Musk des aujourdhui. Ca me rappel un seisme apres que un turc disent aux USA d'aller se faire foutre. Vous etes completement con ou vous croyez aux coincidences...bande de con
"
"1624015332666150919 2023-02-10 12:00:02 +0000 <DogelonWarriors> #Elon #Crypto #DogelonWarriors #dogelonarmy #ELONGEVITY #dogelonmars #NASA #SPACEX  https://t.co/zMYcm4GvYi
"
"1623700703947657219 2023-02-09 15:09:49 +0000 <halelelulu> Elon Musk‚Äôs SpaceX restricts Ukraine‚Äôs use of its satellite internet for drones ‚Äì¬†POLITICO  https://t.co/YrtuXP3awZ
"
"1623673861630722048 2023-02-09 13:23:09 +0000 <Birdson64827145> @Maks_NAFO_FELLA SpaceX should be seized and Musk prosecuted.
"
"1623409098598281222 2023-02-08 19:51:05 +0000 <betty_wandell> @SawyerMerritt @SpaceX @elonmusk I love SpaceX üöÄ Rockets, great Engineering.
"
"1622911055205736448 2023-02-07 10:52:02 +0000 <Erkamkarabat> @TahirSimsek o halde ni√ßin SpaceX uydularƒ± redde dildi, belki Elon Musk'ƒ±n bu yardƒ±mƒ± √ßok faydalƒ± olucaktƒ± . En az kayƒ±pla kurtulacaktƒ±k.
"
"1623326873152372736 2023-02-08 14:24:21 +0000 <cryptoeeee> @netblocks Any chance you can help with your starlink satellites? @elonmusk @SpaceX
"
"1623352724359200774 2023-02-08 16:07:04 +0000 <eyupexe> @SpaceX There is an earthquake in Turkey and political leaders have restricted access, we can't hear anything please help @elonmusk
"
"1624004004643495938 2023-02-10 11:15:01 +0000 <lobitomanungo> SpaceX's Starlink satellite internet service, ""never never meant to be weaponized,"" Gwynne Shotwell, SpaceX's president and chief operating officer, said during a conference in Washington, D.C.  https://t.co/xkpqqhDmSz
"
"1623697736049610752 2023-02-09 14:58:01 +0000 <wapimaskwa69> SpaceX curbed Ukraine's use of Starlink internet for drones -company president  https://t.co/TPs0NlJEGy
"
"1623692181658652672 2023-02-09 14:35:57 +0000 <mokromike> SpaceX curbed Ukraine's use of Starlink internet for drones -company president  https://t.co/G9g3RGZlwC
"
"1622975058690863104 2023-02-07 15:06:22 +0000 <_hitechbytes> @SpaceflightNow another fine landing by SpaceX
"
"1623671522819989504 2023-02-09 13:13:52 +0000 <SpaceX> Starlink is now available in Iceland ‚Üí  https://t.co/slZbTmZmAt  https://t.co/f7mKS8USnt
"
"1624004425357443072 2023-02-10 11:16:42 +0000 <conrady_jr> Will Geometric Energy Corporation and SpaceX Use Artificial Intelligence in the Doge-1 Mission to the Moon?ü™ôüöÄ  ‚ñ∂Ô∏è  https://t.co/AgYYGlEUzT   #dogecoin #doge #doge1
"
"1624003056747659264 2023-02-10 11:11:15 +0000 <RehanJry> Will Geometric Energy Corporation and SpaceX Use Artificial Intelligence in the Doge-1 Mission to the Moon?ü™ôüöÄ  ‚ñ∂Ô∏è  https://t.co/62ZYPLKAaM   #dogecoin #doge #doge1
"
"1623709152403922944 2023-02-09 15:43:23 +0000 <rosoloway> SpaceX curbed Ukraine's use of Starlink internet for drones -company president | Reuters  https://t.co/ZYca8dnGUL
"
"1623352496054837249 2023-02-08 16:06:10 +0000 <AbsoluTilly> @SpaceX @elonmusk How may we be notified when service becomes available in our area?
"
"1623003938063814657 2023-02-07 17:01:07 +0000 <khansafi544> @MoreMonuments @momahmood_ @NASA @elonmusk @SpaceX Alien flying saucer? Yeah?
"
"1623354906701623296 2023-02-08 16:15:44 +0000 <anaya_hits> SpaceX put Elon Musk‚Äôs Tesla into space five years ago. Where is it¬†now?  https://t.co/gfMOhuHj0E
"
"1624004609311141896 2023-02-10 11:17:26 +0000 <ChefShahnawaz1> Will Geometric Energy Corporation and SpaceX Use Artificial Intelligence in the Doge-1 Mission to the Moon?ü™ôüöÄ  ‚ñ∂Ô∏è  https://t.co/cTzy14ikfj   #dogecoin #doge #doge1
"
"1623270831898992642 2023-02-08 10:41:39 +0000 <hamim1001> @SpaceX U have a situation of winning &amp; losing billions of$ overnight.Why don't U lead a billion-$ aid campaign for Turkiye&amp;ask everyone U know in the world to contribute?Is Ur humanity dead?Do U want to come to Turkiye to see&amp;feel the situation under the rubble,not from TV-social media?
"
"1623641893539135488 2023-02-09 11:16:07 +0000 <JamesGavitt> @elonmusk @Rainmaker1973 @SpaceX ? ""Asked if @SpaceX had anticipated Starlink's use for offensive purposes in Ukraine when deciding to ship terminals into conflict zones, @Gwynne_Shotwell said: 'We didn't think about it. I didn't think about it. Our Starlink team may have, I don't know.""   https://t.co/ZpTuh7PtPO
"
"1622973956415184898 2023-02-07 15:01:59 +0000 <DraganaMusk> @SpaceX @Hispasat Beautiful Love you Elon my baby and my loveüíû‚ù§Ô∏è
"
"1623696645023010817 2023-02-09 14:53:41 +0000 <Paul68958640> SpaceX curbed Ukraine's use of Starlink internet for drones -company president  https://t.co/yNnS88psC3
"
"1622973938518171648 2023-02-07 15:01:54 +0000 <Pycekarbehcet> @elonmusk @considercosmos @SpaceX @elonmusk Why don't you send help to earthquake victims in Turkey?
"
"1623641645412491264 2023-02-09 11:15:08 +0000 <zenkov> SpaceX –∑–∞–ø—Ä–µ—Ç–∏–ª–∞ —É–∫—Ä–∞–∏–Ω—Å–∫–∏–º –≤–æ–µ–Ω–Ω—ã–º —É–ø—Ä–∞–≤–ª—è—Ç—å –±–µ—Å–ø–∏–ª–æ—Ç–Ω–∏–∫–∞–º–∏ —Å –ø–æ–º–æ—â—å—é Starlink  \\ –ü—Ä–æ—Å—Ç–æ –±—É–¥—É—Ç —ç—Ç–æ –¥–µ–ª–∞—Ç—å —Ç–µ–ø–µ—Ä—å —á–µ—Ä–µ–∑ ProtonVPN
"
"1622911008539803649 2023-02-07 10:51:51 +0000 <BenFo70919199> @NASA_LSP @NASAKennedy @AstrotechSpace @SpaceX üôã‚ù£Ô∏è‚ù£Ô∏è‚ù£Ô∏è‚ù£Ô∏è
"
"1623662785669517312 2023-02-09 12:39:08 +0000 <Danang158702810> @HalfShibaInu My entry sir  @HalfShibaInu  @SpaceX @elonmusk #HALFSHIB  https://t.co/QWP7QbYpQy
"
"1623328360083365889 2023-02-08 14:30:15 +0000 <sweetcarolinatv> @hugodtorres @SpaceX @elonmusk Another liberal election denier. They‚Äôre everywhere.
"
"1623671889519411200 2023-02-09 13:15:19 +0000 <bigrussianshop> Unbridled boorishness as a way of life.  Podolyak, advisor to the office of the President of Ukraine - on SpaceX's decision to limit the use of Starlink Internet by the AFU to control drones: ""The year of resistance to Ukraine, and companies must decide for themselves -  https://t.co/8JnORBv1f9
"
"1623704939884052484 2023-02-09 15:26:39 +0000 <kathiegmt> Fury in Ukraine as Elon Musk‚Äôs SpaceX limits Starlink use for drones  https://t.co/WBfoHgq768
"
"1623334016165322754 2023-02-08 14:52:44 +0000 <Mavromatis> @elonmusk @emin_adin @SpaceX  https://t.co/Aufd790trB Turkish government agency claims that Twitter hasn't paid a penalty for some case and with that justification cut the access to  https://t.co/LOG5CXEUsZ @elonmusk
"
"1623692474395885568 2023-02-09 14:37:07 +0000 <Fordy8173> All the rockets SpaceX has been launching over the last few years must be good for the environment ‚úîÔ∏è Just sayin üòâ
"
"1623985845685420032 2023-02-10 10:02:52 +0000 <DanMilmo> Fury in Ukraine as Elon Musk‚Äôs SpaceX limits Starlink use for drones  https://t.co/HhNtYBcogJ
"
"1624013739837071360 2023-02-10 11:53:42 +0000 <B2Investor> Fury in Ukraine as Elon Musk‚Äôs SpaceX limits Starlink use for drones  https://t.co/OMS1bbI4LQ
"
"1623634380987006977 2023-02-09 10:46:16 +0000 <Jeffery17990418> #kidrock #Trump24 #Bidenlies #Elonmusk #Tesla #spacex  https://t.co/rshmX1gRjK
"
"1623667258479333378 2023-02-09 12:56:55 +0000 <MZubkie> –ù–µ –ø–∞–Ω—ñ–∫—É—î–º–æ, –°—Ç–∞—Ä–ª—ñ–Ω–∫–∏ –ø—Ä–∞—Ü—é—é—Ç—å. #Starlink #SpaceX #Ukraine  https://t.co/axx7DHqnmP
"
"1622956226706546689 2023-02-07 13:51:32 +0000 <SkippyReg24> @NatLovesFun @elonmusk @considercosmos @SpaceX And killed humans
"
"1623331780802519040 2023-02-08 14:43:51 +0000 <rockingZboat> @SpaceX @elonmusk @AldiUK next to @amirkingkhan #Bolton #gym I‚Äôve been customer for over 10 years. I went two days before New Year‚Äôs Eve. I didn‚Äôt realise the shop shuts at 8 o‚Äôclock. Usually at 10. I was there at 8 I went through the exit door, the security guy barred me life (shocking treatment)
"
"1623697158573641730 2023-02-09 14:55:44 +0000 <TalbottRicky> SpaceX 33-Engine Static Fire of Booster 7  https://t.co/PnhAQEkNOK via @YouTube
"
"1623695753536237568 2023-02-09 14:50:09 +0000 <KathySi25030648> @ukraine_world @SpaceX Stop all Government funding to musk immediately!  @POTUS @SecDef  @elonmusk
"
"1623646349148422145 2023-02-09 11:33:50 +0000 <Ekosuge64082911> @HalfShibaInu My entry sir üôè @HalfShibaInu  @SpaceX @elonmusk #HALFSHIB  https://t.co/MQvfZUpZFF
"
"1623662048830976005 2023-02-09 12:36:13 +0000 <Danang158702810> @HalfShibaInu My entry sir  @HalfShibaInu  @SpaceX @elonmusk #HALFSHIB  https://t.co/4CaNUYb6oB
"
"1623712880733437952 2023-02-09 15:58:12 +0000 <highbrow_nobrow> üö®NEW: The president of SpaceX revealed the company has taken active steps to prevent Ukrainian forces from using the critical Starlink satellite technology with Ukrainian drones that are a key component of their fight against Russia. @CNN    https://t.co/wVAqFH5nUh
"
"1623992515421413376 2023-02-10 10:29:22 +0000 <666me0> @SpaceX ‚Ç¨‚Ç¨3 f?y8o’≤2÷Ä’® ’´÷Ä ’≤’Ω’ª’™’∑’∏’∞’∫’∏’´’´’•÷Å÷É ’≠80’£6÷Ä3’Ω’π3’§’®’§’π’§’π3’§’π’§’•’≥’Ø’∑3’ø’∫ 3’µ’±’∫ ’∫’∫’¶’ø’¶’ø’¶’æ’´’±’≠’±’±’±’æ’≠’´’´÷Å’´3’≠’Ø÷Å’≤÷É3÷Å’≤’∫ ’≤’∫÷É3’∫’•’µ’•’µ ’•’Ø ’≠’≥’≥’æ’°’Æ
"
"1623334203424137219 2023-02-08 14:53:28 +0000 <Bnakifyucel> @elonmusk @emin_adin @SpaceX @elonmusk #ileti≈üim i√ßin T√ºrkiyeye yardƒ±m  #communication Help for communication T√ºrkiye
"
"1622973817122594817 2023-02-07 15:01:26 +0000 <txqaxs> @elonmusk @emin_adin @SpaceX 1400 lives were lost in Syria and the suffering continues as sanctions limit aid efforts. It's time to come together and make a difference, not for politics, but for humanity. End the sanctions. #stopsanctionsonsyrians
"
"1623369611457531914 2023-02-08 17:14:10 +0000 <01SAKI92> @SpaceX Help Turkey üôèüèº
"
"1624005512294440961 2023-02-10 11:21:01 +0000 <HusaAnders> Will Geometric Energy Corporation and SpaceX Use Artificial Intelligence in the Doge-1 Mission to the Moon?ü™ôüöÄ  ‚ñ∂Ô∏è  https://t.co/3ry7nSrE4T   #dogecoin #doge #doge1
"
"1623311301819912192 2023-02-08 13:22:28 +0000 <ShadowEarthdog> @jasondebolt 2/ writing a future focussed curriculum that deeply understood what sort of future Tesla SpaceX MPs is creating.
"
"1623697020958408709 2023-02-09 14:55:11 +0000 <ZenithJumper> @AnonOpsSE @elonmusk WTactualF! SpaceX was awarded $2.2 billion and $2.8 billion in federal contracts in 2021 and 2022, respectively, the majority of which came from NASA, according to public records. Those figures also include its deals with the SDA contracts, but exclude any classified contracts.
"
"1623669788156256266 2023-02-09 13:06:58 +0000 <McmackinRoisin> @murphyb849 @KatyaYushchenko @SpaceX Elon lied yesterday about an algorithm causing issues - The truth is he put all our accounts on MUTE and accelerated Edward Snowdens Sputnik spin machine...  Elon is a Russian/Saudi puppet.
"
"1623998451385073665 2023-02-10 10:52:57 +0000 <minalprasad2> SpaceX test-fires Starship booster in milestone for debut orbital launch #SpaceX via  https://t.co/BLkqFO7oMw  https://t.co/OOlVxrCMAK
"
"1622957725910204416 2023-02-07 13:57:29 +0000 <SkippyReg24> @SNR_OTOM_ @considercosmos @SpaceX How else would you lift thousands of pounds into space?
"
"1624000287605153793 2023-02-10 11:00:15 +0000 <techinjektion> #Tech #NewsFlash 02/10 SpaceX fires up giant Starship rocket engines in key test  https://t.co/WXSiKR7BYj #Technology #Bot #News
"
"1622956445649211392 2023-02-07 13:52:24 +0000 <SkippyReg24> @mouser58907 @iliketeslas @elonmusk @considercosmos @SpaceX How? And why?
"
"1624006232024440832 2023-02-10 11:23:52 +0000 <HeikoFischer1> @SpaceX @elonmusk Hello, I'm a big fan of yours. one question please: why to mars? please spend your money to save the earth
"
"1623685659142807552 2023-02-09 14:10:02 +0000 <xSailor_> SpaceX curbed Ukraine's use of Starlink internet for drones -company president | Reuters  https://t.co/3y4TRsVuAQ
"
"1623651823809703937 2023-02-09 11:55:35 +0000 <NICK12__12> @olivia87ei @HalfShibaInu @SpaceX @elonmusk  https://t.co/X1m80geLxA
"
"1623328779748708357 2023-02-08 14:31:55 +0000 <ARMYANDAIRFORCE> @SpaceX @elonmusk Elon, Turkey has shut down Twitter. The optics for the government response to the disaster are appalling. Anyone reading please re-Tweet. Don't think he will see it , and maybe it wouldn't matter...but it's important. Thanks
"
"1623369538636025885 2023-02-08 17:13:53 +0000 <01SAKI92> @SpaceX @Hispasat Help Turkey üôèüèº
"
"1623715042171449348 2023-02-09 16:06:47 +0000 <edstrykerufo1> @RobustDemocracy Pay them some of that $100b Raytheon and lockmart got. The billions in launch cost saving for DOD and NASA?  Pay Spacex
"
"1623678411527839745 2023-02-09 13:41:14 +0000 <xanaxdaemonion> @SpaceX go to hell fascist apologists
"
"1623684637598810112 2023-02-09 14:05:58 +0000 <NatalkaKyiv> SpaceX curbed Ukraine's use of Starlink internet for drones -company president  https://t.co/WMqrXE3Usn
"
"1623701251832659968 2023-02-09 15:12:00 +0000 <SaveUrMind1> @SpaceX Good Job
"
"1623708487812259841 2023-02-09 15:40:45 +0000 <rob11563> SpaceX curbed Ukraine's use of Starlink internet for drones -company president  https://t.co/TDbKLgd29d
"
"1623709319173734403 2023-02-09 15:44:03 +0000 <thehovie> @FrankLuntz @SpaceX Omg. You are a hack and a shill. I didn't know that
"
"1623987638054146049 2023-02-10 10:09:59 +0000 <UAPFirstContact> WEAPONIZED : EPISODE #2 with Jeremy Corbell &amp; George Knapp    https://t.co/sFm9a2Tt76 via @g_knapp @JeremyCorbell   #ufotwitter #UFO #UAP #FirstContact #UFOs #UAPs #uaptwitter #ufosightings #boblazar #ArtBell #Aliens #Extraterrestrials #SpaceX #ElonMusk #exoplanets #spaceflight
"
"1623704322310803457 2023-02-09 15:24:12 +0000 <LgZac> Fury in Ukraine as Elon Musk‚Äôs SpaceX limits Starlink use for drones  https://t.co/gS1fiOILQO #zelenskywarcriminal
"
"1624005036442361920 2023-02-10 11:19:07 +0000 <EpletsEssex> Fury in Ukraine as Elon Musk‚Äôs SpaceX limits Starlink use for drones  https://t.co/A3xnbdPPjz
"
"1623422941001052164 2023-02-08 20:46:05 +0000 <DFranud5> @SpaceX @elonmusk Pardon me em todo o pa√≠s-which part /\?
"
"1624005848052686852 2023-02-10 11:22:21 +0000 <Shahzad94396306> Will Geometric Energy Corporation and SpaceX Use Artificial Intelligence in the Doge-1 Mission to the Moon?ü™ôüöÄ  ‚ñ∂Ô∏è  https://t.co/N0yT4Idble   #dogecoin #doge #doge1
"
"1623704919478792192 2023-02-09 15:26:34 +0000 <forotrasto> SpaceX ha tomado medidas para evitar que las fuerzas de Kiev utilicen el servicio de Internet satelital Starlink para controlar los drones utilizados en operaciones militares, dijo el presidente de SpaceX el 8 de febrero.  https://t.co/VB2ylCI6Es
"
"1623347151353905153 2023-02-08 15:44:55 +0000 <eyupexe> @SpaceX @elonmusk There is an earthquake in Turkey and political leaders have restricted access, we can't hear anything please help @elonmusk
"
"1623657136432488450 2023-02-09 12:16:42 +0000 <ScreamedInVain> Good for @ElonMusk and @SpaceX!
"
"1623691802317316103 2023-02-09 14:34:27 +0000 <bpodchezertsev> SpaceX 33-Engine Static Fire of Booster 7  https://t.co/9udBpOKlpJ —á–µ—Ä–µ–∑ @YouTube
"
"1624002703520157697 2023-02-10 11:09:51 +0000 <chrisdon_o> Will Geometric Energy Corporation and SpaceX Use Artificial Intelligence in the Doge-1 Mission to the Moon?ü™ôüöÄ  ‚ñ∂Ô∏è  https://t.co/M4jt8wBKHQ   #dogecoin #doge #doge1
"
"1624014325508632579 2023-02-10 11:56:02 +0000 <modhomati> Mr . Tweet üê¶  honorable  CEO  is a focus  power of energy  . About  Tweeter matters  - few of them  trying to  pushing  pressure on him  . He  will  get through this  with  all Tweeter friends users . The  best  thing is restore  Ukraine üá∫üá¶  Internet with  his SpaceX Starlink.  https://t.co/QrKbTaxZT7
"
"1623653119665094656 2023-02-09 12:00:44 +0000 <EylemGuzelim> @stillgray @lopatonok 6) When I commented on SpaceX, I saw you RT the tweet I commented on within seconds. And you shared a dot. Where are the dots in the gif I shared? Still don't understand the meaning of narrowing the band on twitter the next day? üòíüå≥  @elonmusk @SpaceX   https://t.co/4A3hMWX7Dk  https://t.co/WWMjEraLUn
"
"1623305780257558529 2023-02-08 13:00:32 +0000 <PavelBelyakov9> SpaceX - Missions: Mars  https://t.co/bumT5ZgEn7
"
"1624003568591044610 2023-02-10 11:13:17 +0000 <MeganMattingly7> Will Geometric Energy Corporation and SpaceX Use Artificial Intelligence in the Doge-1 Mission to the Moon?ü™ôüöÄ  ‚ñ∂Ô∏è  https://t.co/r3lmSr8Mb3   #dogecoin #doge #doge1
"
"1624007496305090566 2023-02-10 11:28:54 +0000 <inna4real> @jedeckert308 @serhiyprytula @SpaceX @Gwynne_Shotwell #nationalizespacex
"
"1623702267701432321 2023-02-09 15:16:02 +0000 <clkerst> @CNN I think it's fine to say you don't want your service used for war or drone strikes on any side, but the idea they didn't know it was happening all this time is silly. Also a good reason SpaceX the rocket launcher/NASA contractor should be separate from Starlink.
"
"1622969707518390277 2023-02-07 14:45:06 +0000 <mrindepentent75> @considercosmos @SpaceX BREAKING: Democrats are killing our kids at an astonishing rate due to the flow of fentanyl into our country! Killing babies or your kids, it‚Äôs all the same to them.
"
"1623352838884655106 2023-02-08 16:07:31 +0000 <eyupexe> @SpaceX @Hispasat Turkey There is an earthquake in Turkey and political leaders have restricted access, we can't hear anything please help @elonmusk  Earthquake
"
"1623688600037519360 2023-02-09 14:21:43 +0000 <lancelyons> @SpaceX @elonmusk Elon pushes propaganda and his twitter dump never shows all the Republican trump admin requests for censorship of tweets.  Why not release all the Republican requests chief twit?   https://t.co/XFH7oJ7Kyf
"
"1622999913293393928 2023-02-07 16:45:07 +0000 <somekidsschool> SpaceX Falcon 9 Delivers 5-Ton Communications Satellite to¬†Orbit  https://t.co/SGCI6tsxUX
"
"1623402773847977984 2023-02-08 19:25:57 +0000 <GodSheki_gs> Astronaut: we are just tiny dots in this vast universe. What we do is insignificant. Why should we even do anything ? What's the point ?  Programmer: I should stop making these simulations so real.  @elonmusk @SpaceX
"
"1623706024036208640 2023-02-09 15:30:57 +0000 <NomadDotBTC> Love you @elonmusk !  Thank you for $TSLA $SPACEX $TWTR and everything else that you do.  Keep fighting the good fight we got your back!  https://t.co/V6sEEMeuiC
"
"1623651753097830400 2023-02-09 11:55:18 +0000 <NICK12__12> @olivia87ei @HalfShibaInu @SpaceX @elonmusk  https://t.co/bSadqZmIDo
"
"1622944805218136065 2023-02-07 13:06:09 +0000 <Butch2jug> @considercosmos @SpaceX üòÉü´†ü§©
"
"1623997960370413583 2023-02-10 10:51:00 +0000 <Internewscast1> SpaceX ignites giant Starship rocket in crucial pad test : INTERNEWSCAST   https://t.co/NCuEVHd9vQ
"
"1623692998440816640 2023-02-09 14:39:12 +0000 <nawapon10> SpaceX 33-Engine Static Fire of Booster 7 - YouTube  https://t.co/0R59HN0jp8
"
"1623992169718505473 2023-02-10 10:28:00 +0000 <mcboyle> @SpaceX: Gives Ukraine Starlink for use during an invasion   @DefenceU: Uses Starlink to defend itself/fightback through drone usage  @SpaceX: Limits use as ""It was only meant for communication"" ...  Space X are choosing the wrong side.   https://t.co/9mw6jh8Rgq
"
"1623985888517824514 2023-02-10 10:03:02 +0000 <avspook> @PastorAlexLove More SpaceX/NASA Devil üòà  than Jesus me thinks ü§î
"
"1623381724519432192 2023-02-08 18:02:18 +0000 <TradezNChillz> @Mr_Derivatives Right?! $TSLA has been a day trader‚Äôs paradise, not a good investment, since I sold at top of 2021. Is it suddenly an excellent investment again just because Elon said so? I have more confidence in SpaceX than I do in his ugly cars &amp; trucks, lol!  https://t.co/bXux3i984D
"
"1623657110750863360 2023-02-09 12:16:35 +0000 <YellowPapaya2> #SpaceX @elonmusk  https://t.co/BkIc9yVTT5
"
"1622935104661102595 2023-02-07 12:27:36 +0000 <FashionGiftsUs> @elonmusk @emin_adin @SpaceX  https://t.co/9XpOc5oEvP
"
"1622971937004879875 2023-02-07 14:53:57 +0000 <DogeClutch> @SpaceX @Hispasat üöÄüöÄüöÄ
"
"1623697782422007810 2023-02-09 14:58:12 +0000 <atlanticailabs> SpaceX curbed Ukraine's use of Starlink internet for drones -company president  https://t.co/SB4Q3bJryc
"
"1623995884944990210 2023-02-10 10:42:46 +0000 <abrahym_khany> @SpaceX @elonmusk baby doge $0.1  baby doge $0.1
"
"1623700599064739840 2023-02-09 15:09:24 +0000 <Aegir_P> SpaceX, das dem amerikanischen Milliard√§r Elon Musk geh√∂rt, hat das Starlink-Internetsystem f√ºr UAF-Milit√§rdrohnen deaktiviert, berichtete Reuters am 8. Februar unter Berufung auf Firmenpr√§sidentin Gwynne Shotwell:  ‚ÄûDas Satelliten-Internet war nie als Waffe gedacht."" üëçüëçüëç
"
"1623418070600667136 2023-02-08 20:26:44 +0000 <Drterax> @SpaceX @Hispasat Wow that's awesome
"
"1623706827778056194 2023-02-09 15:34:09 +0000 <Lord_Snoooty> Fury in Ukraine as Elon Musk‚Äôs SpaceX limits Starlink use for drones #Russianasset  https://t.co/yF71wK3bzH
"
"1622971655814537219 2023-02-07 14:52:50 +0000 <eonmsk> @SpaceX @Hispasat Awesome to see the delivery has been made successfully, these views are refreshing to the launch event.... #Falcon never disappointsüöÄüöÄüòçüòç
"
"1622957186560450564 2023-02-07 13:55:21 +0000 <SkippyReg24> @AliKrupp @elonmusk @considercosmos @SpaceX Why did I think this was a picture of the twin towers?
"
"1623989692533297153 2023-02-10 10:18:09 +0000 <Binance_1tader> Elon Musk Is One Step Closer to Taking SpaceX‚Äôs Starlink¬†Public  https://t.co/YfDJbf23xo
"
"1623996300218826756 2023-02-10 10:44:25 +0000 <Mykola65109280> @lebon80 @modus88308454 @SpaceX What custom modifications are you talking about? Ukrainians use starlink on ""as is"" basis
"
"1623627384401395714 2023-02-09 10:18:28 +0000 <templars_law> TEMPLARS advised Elon Musk's SpaceX, the world‚Äôs leading satellite company, on the launch of Starlink in Nigeria.  Read more:  https://t.co/U935mLoMOX  https://t.co/7R8NcnBVtv
"
"1623685416548462593 2023-02-09 14:09:04 +0000 <AltWhaleGems> Dear Halfshib family,  We are very excited to announce that we now have our own BILLBOARDS at SpaceX! üöÄ   The dev and team keep working around the clock, developing the future of this beautiful token! We are incredibly thankful for our strong, rapidly growing #HALFSHIB army!  https://t.co/1DdSEwoBSZ
"
"1623992455317053440 2023-02-10 10:29:08 +0000 <BenMcCroryFBI> Fury in Ukraine as Elon Musk‚Äôs SpaceX limits Starlink use for drones  https://t.co/QoGyxNk1nO
"
"1623661969365671936 2023-02-09 12:35:54 +0000 <MaylineWilson> @elonmusk That‚Äôs the size of Earth üåç from a neighboring galaxy. One day, we‚Äôll be in other galaxies because of SpaceX. No worries. Because of Starlink, Earth will be one Tweet away. #period #muskputaperiod
"
"1622988124941942785 2023-02-07 15:58:17 +0000 <Innocent_Deen> @roqqupay @SpaceX List @BabyDogeCoin and @bitgertbrise
"
"1622953907486961666 2023-02-07 13:42:19 +0000 <Alakayyali28> @elonmusk @emin_adin @SpaceX Why dont you extend the same offer to Syrians? They got hit by this same earthquake, perhaps on a larger scale due to thier previous tragic circumstances! Shouldnt thier lives also matter or its only natural thier disaster is overlooked by the same voices offering to help turkey?
"
"1623714484291350529 2023-02-09 16:04:34 +0000 <VinelliU> SpaceX limita el acceso de Ucrania a Internet Starlink para uso de drones  https://t.co/arV7E5POpY
"
"1622950851005362176 2023-02-07 13:30:10 +0000 <ShapuBablu> @elonmusk @considercosmos @SpaceX Man is destructive
"
"1624003905276321792 2023-02-10 11:14:38 +0000 <yoccabel> Will Geometric Energy Corporation and SpaceX Use Artificial Intelligence in the Doge-1 Mission to the Moon?ü™ôüöÄ  ‚ñ∂Ô∏è  https://t.co/cYybwlvqEO   #dogecoin #doge #doge1
"
"1623357075119083532 2023-02-08 16:24:21 +0000 <StonedMrVader> @SpaceX Pouco caro gra√ßas a Deus
"
"1624002871845847045 2023-02-10 11:10:31 +0000 <haless_med> Will Geometric Energy Corporation and SpaceX Use Artificial Intelligence in the Doge-1 Mission to the Moon?ü™ôüöÄ  ‚ñ∂Ô∏è  https://t.co/LuqJDfCOB1   #dogecoin #doge #doge1
"
"1624013609427763203 2023-02-10 11:53:11 +0000 <bruce__cox> @oneunderscore__ @carlquintanilla Hey it's simple @elonmusk pissed off tons of ppl when he went political.  Tesla &amp; SpaceX make awesome products (owner of MYLR &amp; Starlink)!  I used to read what he tweeted 100x more than I do now.
"
"1623690996482711553 2023-02-09 14:31:14 +0000 <tnatw> SpaceX curbed Ukraine's use of Starlink internet for drones -company president  https://t.co/OI4NyAS89N
"
"1622998179187654659 2023-02-07 16:38:14 +0000 <space_jim1> #SpaceX eyeing March for 1st Starship orbital flight, Elon Musk says. ‚ÄúIf remaining tests go well, we will attempt a Starship launch next month.‚Äù  @SpaceX #Starship #ElonMusk  https://t.co/uNKxr4m52b
"
"1623689080411398144 2023-02-09 14:23:38 +0000 <TvUltapulta> SpaceX has blocked Ukraine's use of Starlink internet service to control their military drones, as their product was ""never intended to be used as a weapon"".
"
"1623995839684149250 2023-02-10 10:42:35 +0000 <abrahym_khany> @SpaceX @elonmusk baby doge $0.1
"
"1622956033890217984 2023-02-07 13:50:46 +0000 <SkippyReg24> @keithmabe @elonmusk @bluemoondance74 @considercosmos @SpaceX This picture makes no sense!!! If the Moon doesn‚Äôt move how does the other side of Earth see it? Or does it mean we‚Äôre flat?
"
"1622936680444596224 2023-02-07 12:33:51 +0000 <s354432675> @teslaownersSV @SpaceX @NASA @elonmusk üß°
"
"1623647117574279168 2023-02-09 11:36:53 +0000 <Ekosuge64082911> @HalfShibaInu My entry sir üôè @HalfShibaInu  @SpaceX @elonmusk #HALFSHIB  https://t.co/oYNUnIehnL
"
"1623671907508793345 2023-02-09 13:15:23 +0000 <FidgetStartech> @SpaceX ESG Universal Transmission: NEAR PERFECT EFFICIENCY!üåéüåçüåèüçÉ‚ôªÔ∏è‚ö°Ô∏èüí∞‚öôÔ∏èüî©‚è≤Ô∏èüìä
"
"1624004260022059008 2023-02-10 11:16:02 +0000 <TommyNg19004330> Will Geometric Energy Corporation and SpaceX Use Artificial Intelligence in the Doge-1 Mission to the Moon?ü™ôüöÄ  ‚ñ∂Ô∏è  https://t.co/6UufxZS5iV   #dogecoin #doge #doge1
"
"1622999997309669376 2023-02-07 16:45:27 +0000 <allantoday> The continued successes at Tesla, SpaceX, and Twitter are a testament to your commitment and tenacity! But you must take time to recharge your own batteries...
"
"1623710774332997635 2023-02-09 15:49:50 +0000 <MarkWallaceGlos> Fury in Ukraine as Elon Musk‚Äôs SpaceX limits Starlink use for drones  https://t.co/F9kVUWlN1N
"
"1623713511955222529 2023-02-09 16:00:43 +0000 <KatyavdGK> Fury in Ukraine as Elon Musk‚Äôs SpaceX limits Starlink use for drones  https://t.co/FVGMY52hHh
"
"1623002360892264448 2023-02-07 16:54:51 +0000 <eonmsk> This is an amazing view #SpaceX
"
"1623701173826949120 2023-02-09 15:11:41 +0000 <DSharperimage1> @CNNPolitics Why the hell does SpaceX even care what people are using the internet for?  It seriously sounds like they are just trying to censor the internet for Ukrainians that aren't even doing anything illegal.
"
"1623655285561651202 2023-02-09 12:09:20 +0000 <ukreloaded> On average, SpaceX is launching one rocket every five days üëèüëèüëè  #SpaceX #Falcon9  https://t.co/leMWm4oJJN
"
"1622910733414719490 2023-02-07 10:50:45 +0000 <the__equaliz3r> @Mussy_33 @sieencho @yeahtheglitcher @elonmusk @emin_adin @SpaceX Nope I have a great life and I'm not a genocidal piece of üí© Enjoy the karma ü•∞
"
"1623695609122426881 2023-02-09 14:49:34 +0000 <Born2beWild007> @SpaceX I had no problem with musk at all until he decided to cut Ukraine miltary off from star link. They are using it to defend their country and kick the invader out. I am convinced if this was ww2 you would be helping Hitler in the same way you just helped putin. Poor decision bud.
"
"1623662629578481665 2023-02-09 12:38:31 +0000 <Danang158702810> @HalfShibaInu My entry sir  @HalfShibaInu  @SpaceX @elonmusk #HALFSHIB  https://t.co/WW3BaD7i3c
"
"1624003400332455937 2023-02-10 11:12:37 +0000 <CaseySLowe1> Will Geometric Energy Corporation and SpaceX Use Artificial Intelligence in the Doge-1 Mission to the Moon?ü™ôüöÄ  ‚ñ∂Ô∏è  https://t.co/2qQH9Rk2tX   #dogecoin #doge #doge1
"
"1624006433409798144 2023-02-10 11:24:40 +0000 <Francis21847034> Will Geometric Energy Corporation and SpaceX Use Artificial Intelligence in the Doge-1 Mission to the Moon?ü™ôüöÄ  ‚ñ∂Ô∏è  https://t.co/nM9L3QZRKm   #dogecoin #doge #doge1
"
"1623322064043102217 2023-02-08 14:05:14 +0000 <daniilsr1997> @elonmusk @considercosmos @SpaceX Made by GPTians. ü§ñ
"
"1623324043247079425 2023-02-08 14:13:06 +0000 <omc345> @kilicdarogluk @elonmusk ile iletisim kurup, @SpaceX #starlink alicilarinin belediyeler vasitasiyla getirilmesi saglanabilir mi acaba?  @NordVPN vb. ucretsiz uyelikler de saglayabilirler deprem bolgesine.
"
"1623711064322985984 2023-02-09 15:50:59 +0000 <AnnJuurinen> Fury in Ukraine as Elon Musk‚Äôs SpaceX limits Starlink use for drones  https://t.co/xsr5qaLi5H
"
"1624005333386420224 2023-02-10 11:20:18 +0000 <EricConrady2> Will Geometric Energy Corporation and SpaceX Use Artificial Intelligence in the Doge-1 Mission to the Moon?ü™ôüöÄ  ‚ñ∂Ô∏è  https://t.co/FM1Ta8XBZu   #dogecoin #doge #doge1
"
"1624011332612661250 2023-02-10 11:44:09 +0000 <natty4bumpo> Fury in Ukraine as Elon Musk‚Äôs SpaceX limits Starlink use for drones | Ukraine | The Guardian  https://t.co/F5usjtlcU2
"
"1623714759974572040 2023-02-09 16:05:40 +0000 <BruceKB> Fury in Ukraine as Elon Musk‚Äôs SpaceX limits Starlink use for drones  https://t.co/k6dRxCruoC   I think we all need to leave Twitter now
"
"1623339083383853056 2023-02-08 15:12:52 +0000 <sametsaray> Sanayi ve Teknoloji bakanƒ±nƒ±n dediƒüi ≈üeye bak. Bunun yerine SpaceX Starlink internet baƒülantƒ±sƒ±na neden izin verilmediƒüini ve Twitter‚Äôa neden kƒ±sƒ±tlama geldiƒüini a√ßƒ±klasaydƒ± ke≈üke.  Ayƒ±ptƒ±r, g√ºnahtƒ±r.
"
"1623704887426191360 2023-02-09 15:26:26 +0000 <Almhult_Smaland> Would #SpaceX #Starlink ""technically work"" as is in Turkey (even though the government doesn't allow it)? If somebody could deliver a kit to the earthquake zone somehow? Or is some kind of calibration etc still needed on Starlink's end?
"
"1623305865741709313 2023-02-08 13:00:52 +0000 <LeonardoMNunes1> @ProfessorLuizC2 Sem contar que empresas nunca criam novo tecnologia por si mesmo dado a baixa chance de sucesso. Tanto que quem criou a explora√ß√£o espacial foram as estatais, e a SpaceX recebe muito subs√≠dio do governo (Americano e Saudita).
"
"1622928896629919746 2023-02-07 12:02:56 +0000 <bobbadbeater> @elonmusk @considercosmos @SpaceX Not AI created?
"
"1624006257823678465 2023-02-10 11:23:59 +0000 <Moshier59977328> Will Geometric Energy Corporation and SpaceX Use Artificial Intelligence in the Doge-1 Mission to the Moon?ü™ôüöÄ  ‚ñ∂Ô∏è  https://t.co/Y4BiEtRGsT   #dogecoin #doge #doge1
"
"1622978886639276035 2023-02-07 15:21:34 +0000 <DoodleReagan> @elonmusk @considercosmos @SpaceX Wow just WOW ü§© !!
"
"1623346106234212352 2023-02-08 15:40:46 +0000 <maddybella29> Thanks Rugradio for the Airdropüôå @iamdevranjan @officialrockzi @Ajebo_hussler @Spacex_Aliens1 @HolyGrails_io @lifesyle711231 @FractalOaza @dugliteful @alexrob_88 @AAkarosso @PixelSushiRobot @igorxcarvalhaes @_Pvshv @snapp_yebit
"
"1623646934685880321 2023-02-09 11:36:09 +0000 <Ekosuge64082911> @HalfShibaInu My entry sir üôè @HalfShibaInu  @SpaceX @elonmusk #HALFSHIB  https://t.co/K5LoLFXOdW
"
"1623332979664646145 2023-02-08 14:48:37 +0000 <cryptoeeee> @netblocks @elonmusk @SpaceX Many people in the earthquake area are communicating through Twitter and relief organizations are also carried out through Twitter.Due to a responsibility that failed to fulfill,Twitter is currently banned in our country.Can you fix this? @Twitter @TwitterSupport @elonmusk
"
"1624003734513623041 2023-02-10 11:13:57 +0000 <BlantonSecviar> Will Geometric Energy Corporation and SpaceX Use Artificial Intelligence in the Doge-1 Mission to the Moon?ü™ôüöÄ  ‚ñ∂Ô∏è  https://t.co/j4RlxEGa0j   #dogecoin #doge #doge1
"
"1623706661973286915 2023-02-09 15:33:29 +0000 <Democracy1stE> SpaceX curbed Ukraine's use of Starlink internet for drones -company president  https://t.co/VAeSLE80wC
"
"1624006052088782850 2023-02-10 11:23:10 +0000 <Simeone97851017> Will Geometric Energy Corporation and SpaceX Use Artificial Intelligence in the Doge-1 Mission to the Moon?ü™ôüöÄ  ‚ñ∂Ô∏è  https://t.co/aBTLrHyHol   #dogecoin #doge #doge1
"
"1623311702728011776 2023-02-08 13:24:04 +0000 <otike_kelvin> @kishimi8 @Zainpay_ng @SpaceX @elonmusk @SpaceXStarlink Why didn't Ur country provide internet service for u?
"
"1623992693792677888 2023-02-10 10:30:05 +0000 <Patrick43360346> Fury in Ukraine as Elon Musk‚Äôs SpaceX limits Starlink use for drones  https://t.co/vCeeKXrobC
"
"1623702539559399430 2023-02-09 15:17:07 +0000 <ChrisAlex13927> @Mykola65109280 @elonmusk @SpaceX  https://t.co/FLX7OMqaUo
"
"1622913591937490944 2023-02-07 11:02:07 +0000 <Rihamuhamd> @elonmusk @considercosmos @SpaceX As there is no aliens yet !!
"
"1623633004836061185 2023-02-09 10:40:48 +0000 <SharonBurnabyBC> @JoeBiden @NationalDefence @CanadianPM @JustinTrudeau @cafreeland @DeputyPM_Canada Can someone please talk some sense into Musk and @SpaceX #SpaceX
"
"1622911498111655936 2023-02-07 10:53:48 +0000 <BenFo70919199> @NASAKennedy @NASA @SpaceX üëç‚ù£Ô∏è‚ù£Ô∏è‚ù£Ô∏è‚ù£Ô∏è‚ù£Ô∏è‚ù£Ô∏è‚ù£Ô∏è
"
"1623632018935517189 2023-02-09 10:36:53 +0000 <SharonBurnabyBC> REALLY?! SpaceX. REALLY?!  @SpaceX @_SpaceXCrew4 @rSpaceX @SpaceXStarlink @spacex360 @ineed__spacee @SpaceXStarship @SpaceXSH @SpaceXMR @SpaceXEng @SpaceXUpdates  BOO #SpaceX BOO #SpaceX BOO
"
"1624004080229031944 2023-02-10 11:15:19 +0000 <MamiDeMartin1> Will Geometric Energy Corporation and SpaceX Use Artificial Intelligence in the Doge-1 Mission to the Moon?ü™ôüöÄ  ‚ñ∂Ô∏è  https://t.co/uwK5AkMaTT   #dogecoin #doge #doge1
"
"1623369290811379745 2023-02-08 17:12:54 +0000 <01SAKI92> @SpaceX Help Turkey üôèüèº
"
"1623710545399656448 2023-02-09 15:48:55 +0000 <Dmarlanawilson> SpaceX curbed Ukraine's use of Starlink internet for drones -company president | Reuters  https://t.co/DaC4isx4cm
"
"1623695230892646401 2023-02-09 14:48:04 +0000 <Born2beWild007> @SpaceX @elonmusk I had no problem with you at all until you decided to cut Ukraine miltary off from star link. They are using it to defend their country and kick the invader out. I am convinced if this was ww2 you would be helping Hitler in the same way you just helped putin. Poor decision bud.
"
"1623713720500367361 2023-02-09 16:01:32 +0000 <BhokreRekha> @HoneyTrek @NASA @SpaceX @ExploreSpaceKSC @VISITFLORIDA @NOAA @CapeCanaveralFL @flaspacecoast #GodMorning. Thursday üéâ‡§∏‡§Ç‡§§ ‡§∞‡§æ‡§Æ‡§™‡§æ‡§≤ ‡§ú‡•Ä ‡§Æ‡§π‡§æ‡§∞‡§æ‡§ú ‡§ú‡•Ä ‡§ï‡§æ ‡§â‡§¶‡•ç‡§¶‡•á‡§∂‡•ç‡§Ø ‡§ú‡•Ä‡§µ ‡§π‡§§‡•ç‡§Ø‡§æ ‡§¨‡§Ç‡§¶ ‡§ï‡§∞‡§µ‡§æ‡§®‡§æ‡•§ ‡§ö‡•ã‡§∞‡•Ä ‡§°‡§ï‡•à‡§§‡•Ä ‡§á‡§§‡•ç‡§Ø‡§æ‡§¶‡§ø ‡§ï‡•ã ‡§∏‡§Æ‡§æ‡§™‡•ç‡§§ ‡§ï‡§∞‡§®‡§æ‡•§ ‡§ú‡§æ‡§∞‡•Ä ‡§Ö‡§∞‡•ç‡§•‡§æ‡§§ ‡§™‡§∞ ‡§∏‡•ç‡§§‡•ç‡§∞‡•Ä ‡§ó‡§Æ‡§® ‡§ï‡•ã ‡§∏‡§Æ‡§æ‡§™‡•ç‡§§ ‡§ï‡§∞‡§®‡§æ‡•§ ‡§∞‡§ø‡§∂‡•ç‡§µ‡§§‡§ñ‡•ã‡§∞‡•Ä ‡§ï‡•ã ‡§∏‡§Æ‡§æ‡§™‡•ç‡§§ ‡§ï‡§∞‡§®‡§æ‡•§  https://t.co/SRF4skSVre
"
"1624004827230486532 2023-02-10 11:18:18 +0000 <CuretDanny> Will Geometric Energy Corporation and SpaceX Use Artificial Intelligence in the Doge-1 Mission to the Moon?ü™ôüöÄ  ‚ñ∂Ô∏è  https://t.co/6YLMDXWWIg   #dogecoin #doge #doge1
"
"1623687189627543553 2023-02-09 14:16:07 +0000 <Bobstrulavitch> SpaceX curbed Ukraine's use of Starlink internet for drones -company president  https://t.co/vA3bLSicXi
"
"1623706482930860034 2023-02-09 15:32:47 +0000 <Jweiser420> Fury in Ukraine as Elon Musk‚Äôs SpaceX limits Starlink use for drones  https://t.co/mo16VZ7inq
"
"1623709407711309826 2023-02-09 15:44:24 +0000 <ArielBlocker> Fury in Ukraine as Elon Musk‚Äôs SpaceX limits Starlink use for drones  https://t.co/bPVLPHMevR
"
"1622981070378369024 2023-02-07 15:30:15 +0000 <infodvbportaln1> SpaceX je u ranim jutarnjim satima 7. februara (u 03.32 GMT) isporuƒçio ud≈æbeniƒçku prezentaciju Hispasatovog Amazonas Nexusa. Satelit, te≈æak oko 4.500 kg, slu≈æiƒáe klijentima Hispasatove...
"
"1622926511538900993 2023-02-07 11:53:27 +0000 <blluminations> @elonmusk @considercosmos @SpaceX Who were made by ‚ÄòGod‚Äô! It‚Äôs all God, quite beautiful. üöÄ
"
"1624015275656970241 2023-02-10 11:59:49 +0000 <ghmM_Europe> @elonmusk @WholeMarsBlog @WhiteHouse isn‚Äôt SpaceX a Government contract??  SpaceX has secured a potential eight-year, $1.4 billion contract modification to perform five more missions for NASA to transport crews to the International Space Station.  https://t.co/o9h9rEHMCX
"
"1624003031825108993 2023-02-10 11:11:09 +0000 <galacticgram> SpaceX test-fires giant Starship rocket engines in key milestone. -run  #SpaceX #Starship #RocketEngines #TestRun  https://t.co/CECNVsBu5W
"
"1623709771378446336 2023-02-09 15:45:51 +0000 <hannewrites> Fury in Ukraine as Elon Musk‚Äôs SpaceX limits Starlink use for drones  https://t.co/VRx7cdIiL5
"
"1623351585454673920 2023-02-08 16:02:33 +0000 <leokasura> @TerraBrasilnot Enquanto a nasa fica procurando mais e mais planetas, a Spacex ta focada em apenas um: Marte
"
"1623646926095929344 2023-02-09 11:36:07 +0000 <Ekosuge64082911> @HalfShibaInu My entry sir üôè @HalfShibaInu  @SpaceX @elonmusk #HALFSHIB  https://t.co/X1MHskYT5g
"
"1623707856959639557 2023-02-09 15:38:14 +0000 <starsonb> Fury in Ukraine as Elon Musk‚Äôs SpaceX limits Starlink use for drones  https://t.co/vVPOkLEF3Y
"
"1623320077327306752 2023-02-08 13:57:20 +0000 <desertmagus> @elonmusk @braxton_mccoy @ShitpostGate Could be the next SpaceX engineer... if he lives long enough.
"
"1623684720050507778 2023-02-09 14:06:18 +0000 <sigmund_ooze> SpaceX curbed Ukraine's use of Starlink internet for drones -company president | Reuters  https://t.co/gW6HtOKdWF
"
"1623671892061167617 2023-02-09 13:15:20 +0000 <bigrussianshop> either they side with the right to free life and Ukraine, and then do not invent how to harm, or they side with Russia and its ""right"" to kill, take territory. SpaceX and Mrs. Shotwell should preferably choose a specific option.""
"
"1623684519382470657 2023-02-09 14:05:30 +0000 <torontoshka> @SpaceX Looks like bloody money make more sense for @spacex than thousands of lives. Do you feel smell of blood @elonmusk ?
"
"1623337192356474884 2023-02-08 15:05:21 +0000 <CMCXmaS_> U2 - With Or Without You ( Deep House Mix By Mazen Hanna )  https://t.co/h9k1omXOQ5 v√≠a @YouTube  @AhmedMohammed üíåüíç‚Äôs üá∑üá∫@Markzukenberg0 üî® @JimmyPage SpaceX üíç  https://t.co/qdwq1NRd3g
"
"1622904794309328896 2023-02-07 10:27:09 +0000 <JordanSmithUSA> @elonmusk @considercosmos @SpaceX And an alien.
"
"1623694267318247427 2023-02-09 14:44:14 +0000 <JargonVilla> SpaceX 33-Engine Static Fire of Booster 7  https://t.co/mmkLiF2qhQ via @YouTube
"
"1623710571550973954 2023-02-09 15:49:01 +0000 <quodliberavem> @BBCWorld How BBC mind control works: BBC promote the idea that private companies like #SpaceX and #StarLink must engage in Ukraine War else face wrath of BBC demented audience who will call for there shares to fall.   BBC WRONG ON EVERYTHING.   Tesla shares up +94% this year #defundthebbc
"
"1623639014552084480 2023-02-09 11:04:41 +0000 <bodell_kelly> @Rudhy_Crypto @HalfShibaInu @SpaceX @elonmusk These are üî•üî•üî•#HALFSHIB üöÄüöÄ
"
"1624013418138042371 2023-02-10 11:52:26 +0000 <linda_ungureanu> @Teslaconomics @elonmusk ‚ù§Ô∏èü•πwas so happy when I sow them for the first time!!!‚Ä¶I still have goosebumps ü•πüöÄ‚Ä¶SpaceX is always spectacular!‚ù§Ô∏èüöÄ‚≠êÔ∏è
"
"1623667175801208832 2023-02-09 12:56:35 +0000 <akbirthko> @xlr8harder @SpaceX probably, @NASASpaceflight will stream it if it's confirmed
"
"1622987456856436738 2023-02-07 15:55:38 +0000 <rdbrewer4> @spacex @elonmusk
"
"1623659836985511936 2023-02-09 12:27:25 +0000 <nftvana> Premium asset  https://t.co/tvJwYPz601 is available. Just video (attached) playing on multiple ad banners with .com tag (also on print/conference media) can galvanize strong brand presence. Many possibilities across industries.  @Spacex @elonmusk @apple @tim_cook @amazon @Google  https://t.co/SpGe1oAv2G
"
"1624001505958465536 2023-02-10 11:05:06 +0000 <dragon_intj> Martian Democracy | Elon Musk, SpaceX  https://t.co/kdDcZNcyFH - @YouTube
"
"1622960616549007361 2023-02-07 14:08:58 +0000 <Butch2jug> @teslaownersSV @SpaceX @NASA @elonmusk Feeling the joy
"
"1622977453072216069 2023-02-07 15:15:52 +0000 <DCedimoglu> @ekonomikanaliz √áakma adamcƒ±k, d√ºn yazdƒ±m bug√ºn tekrar ediyorum spacex ile ilgili yazdƒ±ƒüƒ±n yalanla ilgili delil ortaya koyamadƒ±ƒüƒ±n m√ºddet√ße a≈üaƒüƒ±lƒ±k bir yalancƒ±sƒ±n. Adamcƒ±k aƒüƒ±zlƒ± pis d√ºzenbaz. Adamsan beni mahkemeye verirsin. Hodri meydan.
"
"1623662027326783489 2023-02-09 12:36:08 +0000 <Danang158702810> @HalfShibaInu My entry sir  @HalfShibaInu  @SpaceX @elonmusk #HALFSHIB  https://t.co/xNcYTy8K47
"
"1624003231813713920 2023-02-10 11:11:57 +0000 <CarterCapilitan> Will Geometric Energy Corporation and SpaceX Use Artificial Intelligence in the Doge-1 Mission to the Moon?ü™ôüöÄ  ‚ñ∂Ô∏è  https://t.co/BOI5x6NosL   #dogecoin #doge #doge1
"
"1623348878895640576 2023-02-08 15:51:47 +0000 <Binance_1tader> SpaceX put Elon Musk‚Äôs Tesla into space five years ago. Where is it¬†now?  https://t.co/VzhdHQM0PI
"
"1623459640817188865 2023-02-08 23:11:55 +0000 <EylemGuzelim> Is this news disinformation? üòí Is it fake news to keep paramedics waiting at the airport? üòí Am I the one who turned down your Starlink request? Am I the one who didn't send a booster base station? üòí @elonmusk @SpaceX  üòíüå≥üïä‚úã
"
"1624013125723774976 2023-02-10 11:51:16 +0000 <AnnJuurinen> Fury in Ukraine as Elon Musk‚Äôs SpaceX limits Starlink use for drones  https://t.co/xsr5qaLi5H
"
"1623702025740382210 2023-02-09 15:15:04 +0000 <JamieON94964661> üò°Musk. Fury in Ukraine as Elon Musk‚Äôs SpaceX limits Starlink use for drones - The Guardian  https://t.co/m8eBgLwvY7
"
"1623991998561636353 2023-02-10 10:27:19 +0000 <minalprasad2> SpaceX Successfully Test Fires Starship Booster #SpaceX via  https://t.co/BLkqFO7oMw  https://t.co/FyjKxKR6y1
"
"1623713308212707329 2023-02-09 15:59:54 +0000 <ElaineCBoston> #ElonMuskIsCausingMoreUkrainianDeaths #SpaceX #ElonMuskIsaUSsecurityThreat #Starlink
"
